Name,Slug,Collection ID,Locale ID,Item ID,Archived,Draft,Created On,Updated On,Published On,Description,Image,Is gift Card?,Price,Price Formatted,Compare at Price,Compare at price Formatted,Vendor,Collections,SEO Title,SEO Description,Product Type,Shopify ID,tamanho_da_caixa,Tipo de Tela,ped_metro,monitoramento_de_sono,sa_de_feminina,ecg,press_o_arterial,frequ_ncia_card_aca,oxig_nio_no_sangue,acompanha_carregador,capacidade_da_bateria,b_ssola,bluetooth,dura_o_da_bateria,com_gps,mem_ria_interna,m_sica_local,leitor_de_e_books,gravador_de_voz,com_chat_gpt,tamanho_display,com_wi_fi,rede_m_vel,com_nfc,assistente_de_voz,aplicativo,controle_de_m_sica,url,shpid,Cor 1,Cor 2,Cor 3,Descrição Longa
Air Pods Max,air-pods-max,67f999d0187eaee5fc47b5d6,67f999d0187eaee5fc47b5c1,67f999d0187eaee5fc47b686,false,false,Tue Sep 24 2024 20:12:30 GMT+0000 (Coordinated Universal Time),Mon Feb 10 2025 16:56:02 GMT+0000 (Coordinated Universal Time),,"<div class=""elementor-element elementor-element-3229eb6 elementor-widget elementor-widget-jet-single-excerpt"" data-id=""3229eb6"" data-element_type=""widget"" data-widget_type=""jet-single-excerpt.default"">
<div class=""elementor-widget-container"">
<div class=""elementor-jet-single-excerpt jet-woo-builder"">
<div class=""woocommerce-product-details__short-description"">
<p>O Air Pods Max B1 é construído para cumprir com o seu papel – Trazer conforto e qualidade de som.</p>
</div>
</div>
</div>
</div>
<div class=""elementor-element elementor-element-284d85b elementor-widget__width-auto elementor-widget elementor-widget-heading"" data-id=""284d85b"" data-element_type=""widget"" data-widget_type=""heading.default"">
<div class=""elementor-widget-container""><br></div>
</div>",https://cdn.prod.website-files.com/67f999d0187eaee5fc47b5d4/67f999d0187eaee5fc47b6b1_pods07.jpeg,false,300,$299.90,370,$369.90,minha-loja,audio,Air Pods Max,O Air Pods Max B1 é construído para cumprir com o seu papel – Trazer conforto e qualidade de som.,Áudio,gid://shopify/Product/9689395462427,,,,,,,,,,,,,,,,,,,,,,,,,,,,,,,,,O Air Pods Max é construído para cumprir com o seu papel – Trazer conforto e qualidade de som.
Air Pods Pro,iwo-air-pods-pro,67f999d0187eaee5fc47b5d6,67f999d0187eaee5fc47b5c1,67f999d0187eaee5fc47b685,false,false,Tue Sep 24 2024 20:12:26 GMT+0000 (Coordinated Universal Time),Mon Feb 10 2025 16:56:02 GMT+0000 (Coordinated Universal Time),,"<p><span>Os Iwo Air Pod Pro vêm com pontas de silicone em três tamanhos para um ajuste confortável, possuindo um sistema de entrada e saída de ar mantém a mesma pressão nos dois lados dos fones.</span></p>",https://cdn.prod.website-files.com/67f999d0187eaee5fc47b5d4/67f999d0187eaee5fc47b698_iap1.jpeg,false,200,$199.90,300,$299.90,minha-loja,audio,Air Pods Pro,"Os Iwo Air Pod Pro vêm com pontas de silicone em três tamanhos para um ajuste confortável, possuindo um sistema de en...",Áudio,gid://shopify/Product/9689391890715,,,,,,,,,,,,,,,,,,,,,,,,,,,,,,,,,"Os Iwo Air Pod Pro vêm com pontas de silicone em três tamanhos para um ajuste confortável, possuindo um sistema de entrada e saída de ar mantém a mesma pressão nos dois lados dos fones."
Iwo 14 Mini,iwo-14-mini,67f999d0187eaee5fc47b5d6,67f999d0187eaee5fc47b5c1,67f999d0187eaee5fc47b678,false,false,Sat Sep 21 2024 14:15:43 GMT+0000 (Coordinated Universal Time),Mon Feb 10 2025 16:56:02 GMT+0000 (Coordinated Universal Time),,"<p>O Watch 14 Mini combina beleza e funcionalidade em um design compacto e elegante, oferecendo tudo o que você ama: rastreamento de atividades, orientação de exercícios, monitoramento de saúde, mostradores de relógio com IA, controle por gestos, pagamentos via QR Code PayPal e chamadas por Bluetooth.&nbsp;</p>",https://cdn.prod.website-files.com/67f999d0187eaee5fc47b5d4/67f999d0187eaee5fc47b68f_Group109_0.5x.jpeg,false,230,$229.90,330,$329.90,iwo-watch,smartwatch,Iwo 14 Mini,"O Watch 14 Mini combina beleza e funcionalidade em um design compacto e elegante, oferecendo tudo o que você ama: ras...",Smartwatch,gid://shopify/Product/9685963112731,41 mm,IPS HD ,Sim,Sim,Sim,Sim,Sim,Sim,Sim,Sim,380 mAh,Não,Sim,2 - 5 dias,Através do aplicativo MActive Pro,128 MB,Não,Não,Não,Não,"1.5""",Não,Não,Sim - abertura de portas,Sim,MActive Pro,Sim,https://www.iwowatch.com.br/product/iwo-14-mini,9685963112731,"hsla(0, 0.00%, 0.00%, 1.00)","hsla(0, 0.00%, 61.96%, 1.00)","hsla(53.02325581395349, 46.74%, 63.92%, 1.00)","O Watch 14 Mini combina beleza e funcionalidade em um design compacto e elegante, oferecendo tudo o que você ama: rastreamento de atividades, orientação de exercícios, monitoramento de saúde, mostradores de relógio com IA, controle por gestos, pagamentos via QR Code PayPal e chamadas por Bluetooth. "
Iwo 14 Pro Max,iwo-14-pro-max,67f999d0187eaee5fc47b5d6,67f999d0187eaee5fc47b5c1,67f999d0187eaee5fc47b677,false,false,Mon Sep 16 2024 03:38:23 GMT+0000 (Coordinated Universal Time),Mon Feb 10 2025 16:56:02 GMT+0000 (Coordinated Universal Time),,"<div class=""elementor-element elementor-element-7cf05aa elementor-widget elementor-widget-jet-single-excerpt"" data-id=""7cf05aa"" data-element_type=""widget"" data-widget_type=""jet-single-excerpt.default"">
<div class=""elementor-widget-container"">
<div class=""elementor-jet-single-excerpt jet-woo-builder"">
<div class=""woocommerce-product-details__short-description"">
<p>Tela de 2.2 polegadas, rastreamento GPS via aplicativo, altímetro, jogos de movimento, gerenciamento de tarefas em segundo plano, troca de skins de aplicativo, vídeos de trilha esportiva via aplicativo, alerta SOS, Watchface de Álbum, Watchfaces de vídeo, Chat GPT, Gravador e termômetro.</p>
</div>
</div>
</div>
</div>",https://cdn.prod.website-files.com/67f999d0187eaee5fc47b5d4/67f999d0187eaee5fc47b638_Group131_0.5x.jpeg,false,240,$239.90,290,$289.90,iwo-watch,smartwatch,Iwo 14 Pro Max,"Tela de 2.2 polegadas, rastreamento GPS via aplicativo, altímetro, jogos de movimento, gerenciamento de tarefas em se...",Smartwatch,gid://shopify/Product/9675839570203,47 mm,HD IPS,Sim,Sim,Sim,Sim,Sim,Sim,Sim,Sim,380 mAh,Não,Sim,2 - 10 dias,Através do aplicativo MActive Pro,1 GB,Sim,Sim,Sim,Sim,"2.2"" 2.5D",Não,Não,Sim - abertura de portas,Sim,MActive Pro,Sim,https://www.iwowatch.com.br/product/iwo-14-pro-max,9675839570203,"hsla(0, 0.00%, 0.00%, 1.00)","hsla(0, 0.00%, 61.96%, 1.00)","hsla(53.02325581395349, 46.74%, 63.92%, 1.00)","Tela de 2.2 polegadas, rastreamento GPS via aplicativo, altímetro, jogos de movimento, gerenciamento de tarefas em segundo plano, troca de skins de aplicativo, vídeos de trilha esportiva via aplicativo, alerta SOS, Watchface de Álbum, Watchfaces de vídeo, Chat GPT, Gravador e termômetro."
Iwo 15X,iwo-15x-pro,67f999d0187eaee5fc47b5d6,67f999d0187eaee5fc47b5c1,67f999d0187eaee5fc47b674,false,false,Fri Sep 06 2024 20:19:30 GMT+0000 (Coordinated Universal Time),Mon Feb 10 2025 16:56:02 GMT+0000 (Coordinated Universal Time),,"<p>Tela de 2.0 polegadas, Chat GPT, Gravador de Voz, Conexão independente com fones de ouvido, Músicas sem o celular, rastreamento GPS via aplicativo, altímetro, jogos de movimento e muito mais!</p>
<!---->",https://cdn.prod.website-files.com/67f999d0187eaee5fc47b5d4/67f999d0187eaee5fc47b5d7_Preto-frente.png,false,360,$359.90,430,$429.90,iwo-watch,smartwatch,Iwo 15X,"Tela de 2.0 polegadas, Chat GPT, Gravador de Voz, Conexão independente com fones de ouvido, Músicas sem o celular, ra...",Smartwatch,gid://shopify/Product/9633413628187,45 mm,AMOLED,Sim,Sim,Sim,Sim,Sim,Sim,Sim,Sim,380mAh,Sim,5.1,7 dias,Através do aplicativo MActive Pro,2 GB,Sim,Sim,Sim,Sim,"2.0""",Não,Não,Sim - abertura de portas,Sim,MActive Pro,Sim,https://www.iwowatch.com.br/product/iwo-15x,9633413628187,"hsla(0, 0.00%, 0.00%, 1.00)",#9e9e9e,#cec478,"Tela de 2.0 polegadas, Chat GPT, Gravador de Voz, Conexão independente com fones de ouvido, Músicas sem o celular, rastreamento GPS via aplicativo, altímetro, jogos de movimento e muito mais!"
Iwo 15X Mini,iwo-15x-mini-1,67f999d0187eaee5fc47b5d6,67f999d0187eaee5fc47b5c1,67f999d0187eaee5fc47b676,false,false,Sat Sep 14 2024 17:51:19 GMT+0000 (Coordinated Universal Time),Mon Feb 10 2025 16:56:02 GMT+0000 (Coordinated Universal Time),,"<p>O Watch 15X Mini combina beleza e funcionalidade em um design compacto e elegante, oferecendo tudo o que você ama: rastreamento de atividades, orientação de exercícios, monitoramento de saúde, mostradores de relógio com IA, controle por gestos, pagamentos via QR Code PayPal e chamadas por Bluetooth.&nbsp;</p>",https://cdn.prod.website-files.com/67f999d0187eaee5fc47b5d4/67f999d0187eaee5fc47b623_Group101_0.5x.jpeg,false,290,$289.90,330,$329.90,iwo-watch,smartwatch,Iwo 15X Mini,"O Watch 15X Mini combina beleza e funcionalidade em um design compacto e elegante, oferecendo tudo o que você ama: ra...",Smartwatch,gid://shopify/Product/9673035219227,38 mm,HD,Sim,Sim,Sim,Sim,Sim,Sim,Sim,Sim,280 mAh,Não,5.1,2 - 5 dias ,Através do aplicativo MActive Pro,2 GB,Não,Não,Não,Não,"1.52""",Não,Não,Sim - abertura de portas,Sim,MActive Pro,Sim,https://www.iwowatch.com.br/product/iwo-15-x-mini,9673035219227,"hsla(0, 0.00%, 0.00%, 1.00)","hsla(0, 0.00%, 61.96%, 1.00)","hsla(53.02325581395349, 46.74%, 63.92%, 1.00)","O Watch 15X Mini combina beleza e funcionalidade em um design compacto e elegante, oferecendo tudo o que você ama: rastreamento de atividades, orientação de exercícios, monitoramento de saúde, mostradores de relógio com IA, controle por gestos, pagamentos via QR Code PayPal e chamadas por Bluetooth. "
Iwo 15X Pro,iwo-15x,67f999d0187eaee5fc47b5d6,67f999d0187eaee5fc47b5c1,67f999d0187eaee5fc47b68b,false,false,Fri Sep 27 2024 17:16:23 GMT+0000 (Coordinated Universal Time),Mon Feb 10 2025 16:56:02 GMT+0000 (Coordinated Universal Time),,"<p>O Iwo 15X Pro é o smartwatch que combina inovação e performance. Com uma tela HD de 2.1"", bateria de 380mAh, e processador A9, ele oferece chamadas Bluetooth, monitoramento de saúde, GPS, bússola e mais de 500 mostradores. Seu design premium, à prova d'água, e funcionalidades como Dynamic Island e controle por gestos garantem uma experiência completa.</p>
<p>&nbsp;</p>
<!---->",https://cdn.prod.website-files.com/67f999d0187eaee5fc47b5d4/67f999d0187eaee5fc47b6c0_Group_147_1x_8de55a2e-c834-4222-addd-b2ae8e8fd77e.jpeg,false,330,$329.90,430,$429.90,iwo-watch,smartwatch,Iwo 15X Pro,"O Iwo 15X Pro é o smartwatch que combina inovação e performance. Com uma tela HD de 2.1"", bateria de 380mAh, e proces...",Smartwatch,gid://shopify/Product/9693890445595,45 mm,HD,Sim,Sim,Sim,Sim,Sim,Sim,Sim,Sim,380mAh,Sim,Bluetooth 5.1,Até 10 dias,Através do aplicativo MActive Pro,2 GB,Sim,Sim,Sim,Sim,"2.0""",Não,Não,Sim - abertura de portas,Sim,MActive Pro,Sim,https://www.iwowatch.com.br/product/iwo-15x-pro,9693890445595,"hsla(0, 0.00%, 0.00%, 1.00)","hsla(53.02325581395349, 46.74%, 63.92%, 1.00)","hsla(0, 0.00%, 61.96%, 1.00)","O Iwo 15X é o smartwatch que combina inovação e performance. Com uma tela HD de 2.1"", bateria de 380mAh, e processador A9, ele oferece chamadas Bluetooth, monitoramento de saúde, GPS, bússola e mais de 500 mostradores. Seu design premium, à prova d'água, e funcionalidades como Dynamic Island e controle por gestos garantem uma experiência completa."
Iwo S10,iwo-s10,67f999d0187eaee5fc47b5d6,67f999d0187eaee5fc47b5c1,67f999d0187eaee5fc47b6ae,false,false,Mon Feb 10 2025 17:06:58 GMT+0000 (Coordinated Universal Time),Mon Feb 10 2025 17:35:16 GMT+0000 (Coordinated Universal Time),,"<p id="""">O mais novo e mais fino lançamento da Iwo Watch. Tela de OLED 2.08"" com alta taxa de atualização, Chat GPT, Gravador de Voz, Conexão independente com fones de ouvido, Músicas sem o celular, rastreamento GPS via aplicativo, altímetro, jogos de movimento e muito mais!</p>",https://cdn.prod.website-files.com/67f999d0187eaee5fc47b5d4/67f999d0187eaee5fc47b71f_frente_1x_8c46ab3a-b5a5-4b63-9fa6-69cf2fb6af8d.jpeg,false,400,$399.90,499,$499.90,iwo-watch,smartwatch,Iwo S10,"O mais novo e mais fino lançamento da Iwo Watch. Tela de OLED 2.08"" com alta taxa de atualização, Chat GPT, Gravador de Voz, Conexão independente com fones de ouvido, Músicas sem o celular, rastreamento GPS via aplicativo, altímetro, jogos de movimento e muito mais!",Smartwatch,gid://shopify/Product/9810615304475,"47,5 mm",OLED,Sim,Sim,Sim,Sim,Sim,Sim,Sim,Sim,420 mAh,Sim,Sim,Até 15 dias,Através do aplicativo MActive Pro,1 GB,Sim,Sim,Sim,Sim,"2.08""",Não,Não,Sim - abertura de portas,Sim,MActive Pro,Sim,https://www.iwowatch.com.br/product/iwo-s10,9810615304475,Black,#cec478,,"O mais novo e mais fino lançamento da Iwo Watch. Tela de OLED 2.08"" com alta taxa de atualização, Chat GPT, Gravador de Voz, Conexão independente com fones de ouvido, Músicas sem o celular, rastreamento GPS via aplicativo, altímetro, jogos de movimento e muito mais!"
Iwo Ultra 3 AMOLED,iwo-ultra-pro-amoled-max,67f999d0187eaee5fc47b5d6,67f999d0187eaee5fc47b5c1,67f999d0187eaee5fc47b675,false,false,Sat Sep 07 2024 07:16:24 GMT+0000 (Coordinated Universal Time),Mon Feb 10 2025 16:56:02 GMT+0000 (Coordinated Universal Time),,"<p><span>O Iwo Ultra 3 AMOLED é um relógio inteligente avançado que combina tecnologia de ponta com um design elegante. Este dispositivo possui uma tela AMOLED de 2.2 polegadas com bordas extremamente estreitas de 1.6 mm, oferecendo uma experiência visual imersiva. Equipado com um processador dual core de 192 MHz e gráficos 2.5D, ele garante um desempenho fluído e responsivo.</span></p>",https://cdn.prod.website-files.com/67f999d0187eaee5fc47b5d4/67f999d0187eaee5fc47b5f3_frente.jpeg,false,380,$379.90,490,$489.90,iwo-watch,smartwatch,Iwo Ultra 3 AMOLED,O Iwo Ultra 3 AMOLED é um relógio inteligente avançado que combina tecnologia de ponta com um design elegante. Este d...,Smartwatch,gid://shopify/Product/9660786344219,49 mm,Amoled,Sim,Sim,Sim,Sim,Sim,Sim,Sim,Sim,450 mAh,Sim,Bluetooth 5.0,3 - 10 dias,Através do aplicativo MActive Pro,2 GB,Sim,Sim,Sim,Sim,"2.2""",Não,Não,Sim - abertura de portas,Sim,MActive Pro,Sim,https://www.iwowatch.com.br/product/iwo-ultra-3-amoled,9660786344219,"hsla(0, 0.00%, 0.00%, 1.00)",,"hsla(53.02325581395349, 46.74%, 63.92%, 1.00)","O Iwo Ultra 3 AMOLED é um relógio inteligente avançado que combina tecnologia de ponta com um design elegante. Este dispositivo possui uma tela AMOLED de 2.2 polegadas com bordas extremamente estreitas de 1.6 mm, oferecendo uma experiência visual imersiva. Equipado com um processador dual core de 192 MHz e gráficos 2.5D, ele garante um desempenho fluído e responsivo."
Iwo Ultra 3 Pro,iwo-ultra-3-pro-amoled,67f999d0187eaee5fc47b5d6,67f999d0187eaee5fc47b5c1,67f999d0187eaee5fc47b68a,false,false,Fri Sep 27 2024 17:16:20 GMT+0000 (Coordinated Universal Time),Mon Feb 10 2025 16:56:02 GMT+0000 (Coordinated Universal Time),,"<p>O Iwo Ultra 3 Pro traz a revolução da inteligência artificial ao seu pulso, com tela de 2.1"", monitoramento 24h de saúde, NFC multifuncional e integração com o Chat GPT. À prova d'água e com até 15 dias de bateria, ele oferece modos esportivos, controle por gestos e mais de 1000 mostradores personalizados.</p>",https://cdn.prod.website-files.com/67f999d0187eaee5fc47b5d4/67f999d0187eaee5fc47b6bf_Group_142_1x_f55430e0-bf4e-4ec5-a4d1-bd6e130db43c.jpeg,false,360,$359.90,460,$459.90,iwo-watch,smartwatch,Iwo Ultra 3 Pro,"O Iwo Ultra 3 Pro traz a revolução da inteligência artificial ao seu pulso, com tela de 2.1"", monitoramento 24h de sa...",Smartwatch,gid://shopify/Product/9693873144091,49 mm,IPS,Sim,Sim,Sim,Sim,Sim,Sim,Sim,Sim,450 mAh,Sim,5.0,4 - 15 dias,Através do aplicativo MActive Pro,2 GB,Sim,Sim,Sim,Sim,"2.1""",Não,Não,Sim - abertura de portas,Sim,MActive Pro,Sim,https://www.iwowatch.com.br/product/iwo-ultra-3-pro,9693873144091,"hsla(0, 0.00%, 0.00%, 1.00)","hsla(53.02325581395349, 46.74%, 63.92%, 1.00)",,"O Iwo Ultra 3 Pro traz a revolução da inteligência artificial ao seu pulso, com tela de 2.1"", monitoramento 24h de saúde, NFC multifuncional e integração com o Chat GPT. À prova d'água e com até 15 dias de bateria, ele oferece modos esportivos, controle por gestos e mais de 1000 mostradores personalizados."
Pulseira Loop Alpina Estrelar,pulseira-loop-alpina-estrelar,67f999d0187eaee5fc47b5d6,67f999d0187eaee5fc47b5c1,67f999d0187eaee5fc47b682,false,false,Mon Sep 23 2024 16:33:24 GMT+0000 (Coordinated Universal Time),Mon Feb 10 2025 16:56:02 GMT+0000 (Coordinated Universal Time),,"<div data-widget_type=""jet-single-excerpt.default"" data-element_type=""widget"" data-id=""3229eb6"" class=""elementor-element elementor-element-3229eb6 elementor-widget elementor-widget-jet-single-excerpt"">
<div class=""elementor-widget-container"">
<div class=""elementor-jet-single-excerpt jet-woo-builder"">
<div class=""woocommerce-product-details__short-description"">
<div class=""elementor-element elementor-element-3229eb6 elementor-widget elementor-widget-jet-single-excerpt"" data-id=""3229eb6"" data-element_type=""widget"" data-widget_type=""jet-single-excerpt.default"">
<div class=""elementor-widget-container"">
<div class=""elementor-jet-single-excerpt jet-woo-builder"">
<div class=""woocommerce-product-details__short-description"">
<div class=""elementor-element elementor-element-3229eb6 elementor-widget elementor-widget-jet-single-excerpt"" data-id=""3229eb6"" data-element_type=""widget"" data-widget_type=""jet-single-excerpt.default"">
<div class=""elementor-widget-container"">
<div class=""elementor-jet-single-excerpt jet-woo-builder"">
<div class=""woocommerce-product-details__short-description"">
<p>A pulseira loop Trail fina e leve é feita de uma trama de nylon macia, oferecendo suavidade e mais elasticidade para um ajuste confortável. Ela se ajusta com perfeição por meio de uma alça fácil de puxar para ajustes rápidos durante suas atividades.</p>
</div>
</div>
</div>
</div>
<div class=""elementor-element elementor-element-284d85b elementor-widget__width-auto elementor-widget elementor-widget-heading"" data-id=""284d85b"" data-element_type=""widget"" data-widget_type=""heading.default"">
<div class=""elementor-widget-container""><br></div>
</div>
</div>
</div>
</div>
</div>
<div class=""elementor-element elementor-element-284d85b elementor-widget__width-auto elementor-widget elementor-widget-heading"" data-id=""284d85b"" data-element_type=""widget"" data-widget_type=""heading.default"">
<div class=""elementor-widget-container""><br></div>
</div>
</div>
</div>
</div>
</div>",https://cdn.prod.website-files.com/67f999d0187eaee5fc47b5d4/67f999d0187eaee5fc47b6b6_470dfb59-eabe-4732-a391-ee5af7f3707b.jpeg,false,90,$89.90,170,$169.90,minha-loja,pulseiras,Pulseira Loop Alpina Estrelar,"A pulseira loop Trail fina e leve é feita de uma trama de nylon macia, oferecendo suavidade e mais elasticidade para ...",Pulseira,gid://shopify/Product/9687919722779,,,,,,,,,,,,,,,,,,,,,,,,,,,,,,,,,"A pulseira loop Trail fina e leve é feita de uma trama de nylon macia, oferecendo suavidade e mais elasticidade para um ajuste confortável. Ela se ajusta com perfeição por meio de uma alça fácil de puxar para ajustes rápidos durante suas atividades."
Pulseira Loop Alpina Laranja,pulseira-loop-alpina-laranja,67f999d0187eaee5fc47b5d6,67f999d0187eaee5fc47b5c1,67f999d0187eaee5fc47b683,false,false,Mon Sep 23 2024 16:33:26 GMT+0000 (Coordinated Universal Time),Mon Feb 10 2025 16:56:02 GMT+0000 (Coordinated Universal Time),,"<div data-widget_type=""jet-single-excerpt.default"" data-element_type=""widget"" data-id=""3229eb6"" class=""elementor-element elementor-element-3229eb6 elementor-widget elementor-widget-jet-single-excerpt"">
<div class=""elementor-widget-container"">
<div class=""elementor-jet-single-excerpt jet-woo-builder"">
<div class=""woocommerce-product-details__short-description"">
<div class=""elementor-element elementor-element-3229eb6 elementor-widget elementor-widget-jet-single-excerpt"" data-id=""3229eb6"" data-element_type=""widget"" data-widget_type=""jet-single-excerpt.default"">
<div class=""elementor-widget-container"">
<div class=""elementor-jet-single-excerpt jet-woo-builder"">
<div class=""woocommerce-product-details__short-description"">
<div class=""elementor-element elementor-element-3229eb6 elementor-widget elementor-widget-jet-single-excerpt"" data-id=""3229eb6"" data-element_type=""widget"" data-widget_type=""jet-single-excerpt.default"">
<div class=""elementor-widget-container"">
<div class=""elementor-jet-single-excerpt jet-woo-builder"">
<div class=""woocommerce-product-details__short-description"">
<p>A pulseira loop Trail fina e leve é feita de uma trama de nylon macia, oferecendo suavidade e mais elasticidade para um ajuste confortável. Ela se ajusta com perfeição por meio de uma alça fácil de puxar para ajustes rápidos durante suas atividades.</p>
</div>
</div>
</div>
</div>
<div class=""elementor-element elementor-element-284d85b elementor-widget__width-auto elementor-widget elementor-widget-heading"" data-id=""284d85b"" data-element_type=""widget"" data-widget_type=""heading.default"">
<div class=""elementor-widget-container""><br></div>
</div>
</div>
</div>
</div>
</div>
<div class=""elementor-element elementor-element-284d85b elementor-widget__width-auto elementor-widget elementor-widget-heading"" data-id=""284d85b"" data-element_type=""widget"" data-widget_type=""heading.default"">
<div class=""elementor-widget-container""><br></div>
</div>
</div>
</div>
</div>
</div>",https://cdn.prod.website-files.com/67f999d0187eaee5fc47b5d4/67f999d0187eaee5fc47b6b4_aee634bf-2207-4b0f-9a50-652477efa29f_59eb59af-c291-4478-9ffc-33399b08816f.jpeg,false,90,$89.90,170,$169.90,minha-loja,pulseiras,Pulseira Loop Alpina Laranja,"A pulseira loop Trail fina e leve é feita de uma trama de nylon macia, oferecendo suavidade e mais elasticidade para ...",Pulseira,gid://shopify/Product/9687922016539,,,,,,,,,,,,,,,,,,,,,,,,,,,,,,,,,"A pulseira loop Trail fina e leve é feita de uma trama de nylon macia, oferecendo suavidade e mais elasticidade para um ajuste confortável. Ela se ajusta com perfeição por meio de uma alça fácil de puxar para ajustes rápidos durante suas atividades."
Pulseira Loop Alpina Verde,pulseira-loop-alpina-verde,67f999d0187eaee5fc47b5d6,67f999d0187eaee5fc47b5c1,67f999d0187eaee5fc47b684,false,false,Mon Sep 23 2024 16:33:28 GMT+0000 (Coordinated Universal Time),Mon Feb 10 2025 16:56:02 GMT+0000 (Coordinated Universal Time),,"<div data-widget_type=""jet-single-excerpt.default"" data-element_type=""widget"" data-id=""3229eb6"" class=""elementor-element elementor-element-3229eb6 elementor-widget elementor-widget-jet-single-excerpt"">
<div class=""elementor-widget-container"">
<div class=""elementor-jet-single-excerpt jet-woo-builder"">
<div class=""woocommerce-product-details__short-description"">
<div class=""elementor-element elementor-element-3229eb6 elementor-widget elementor-widget-jet-single-excerpt"" data-id=""3229eb6"" data-element_type=""widget"" data-widget_type=""jet-single-excerpt.default"">
<div class=""elementor-widget-container"">
<div class=""elementor-jet-single-excerpt jet-woo-builder"">
<div class=""woocommerce-product-details__short-description"">
<div class=""elementor-element elementor-element-3229eb6 elementor-widget elementor-widget-jet-single-excerpt"" data-id=""3229eb6"" data-element_type=""widget"" data-widget_type=""jet-single-excerpt.default"">
<div class=""elementor-widget-container"">
<div class=""elementor-jet-single-excerpt jet-woo-builder"">
<div class=""woocommerce-product-details__short-description"">
<p>A pulseira loop Trail fina e leve é feita de uma trama de nylon macia, oferecendo suavidade e mais elasticidade para um ajuste confortável. Ela se ajusta com perfeição por meio de uma alça fácil de puxar para ajustes rápidos durante suas atividades.</p>
</div>
</div>
</div>
</div>
<div class=""elementor-element elementor-element-284d85b elementor-widget__width-auto elementor-widget elementor-widget-heading"" data-id=""284d85b"" data-element_type=""widget"" data-widget_type=""heading.default"">
<div class=""elementor-widget-container""><br></div>
</div>
</div>
</div>
</div>
</div>
<div class=""elementor-element elementor-element-284d85b elementor-widget__width-auto elementor-widget elementor-widget-heading"" data-id=""284d85b"" data-element_type=""widget"" data-widget_type=""heading.default"">
<div class=""elementor-widget-container""><br></div>
</div>
</div>
</div>
</div>
</div>",https://cdn.prod.website-files.com/67f999d0187eaee5fc47b5d4/67f999d0187eaee5fc47b6ad_2.jpeg,false,90,$89.90,170,$169.90,minha-loja,pulseiras,Pulseira Loop Alpina Verde,"A pulseira loop Trail fina e leve é feita de uma trama de nylon macia, oferecendo suavidade e mais elasticidade para ...",Pulseira,gid://shopify/Product/9687925031195,,,,,,,,,,,,,,,,,,,,,,,,,,,,,,,,,"A pulseira loop Trail fina e leve é feita de uma trama de nylon macia, oferecendo suavidade e mais elasticidade para um ajuste confortável. Ela se ajusta com perfeição por meio de uma alça fácil de puxar para ajustes rápidos durante suas atividades."
Pulseira Loop Trail Azul Cinza,pulseira-loop-trail-azul-cinza,67f999d0187eaee5fc47b5d6,67f999d0187eaee5fc47b5c1,67f999d0187eaee5fc47b681,false,false,Mon Sep 23 2024 16:33:20 GMT+0000 (Coordinated Universal Time),Mon Feb 10 2025 16:56:02 GMT+0000 (Coordinated Universal Time),,"<div data-widget_type=""jet-single-excerpt.default"" data-element_type=""widget"" data-id=""3229eb6"" class=""elementor-element elementor-element-3229eb6 elementor-widget elementor-widget-jet-single-excerpt"">
<div class=""elementor-widget-container"">
<div class=""elementor-jet-single-excerpt jet-woo-builder"">
<div class=""woocommerce-product-details__short-description"">
<div class=""elementor-element elementor-element-3229eb6 elementor-widget elementor-widget-jet-single-excerpt"" data-id=""3229eb6"" data-element_type=""widget"" data-widget_type=""jet-single-excerpt.default"">
<div class=""elementor-widget-container"">
<div class=""elementor-jet-single-excerpt jet-woo-builder"">
<div class=""woocommerce-product-details__short-description"">
<div class=""elementor-element elementor-element-3229eb6 elementor-widget elementor-widget-jet-single-excerpt"" data-id=""3229eb6"" data-element_type=""widget"" data-widget_type=""jet-single-excerpt.default"">
<div class=""elementor-widget-container"">
<div class=""elementor-jet-single-excerpt jet-woo-builder"">
<div class=""woocommerce-product-details__short-description"">
<p>A pulseira loop Trail fina e leve é feita de uma trama de nylon macia, oferecendo suavidade e mais elasticidade para um ajuste confortável. Ela se ajusta com perfeição por meio de uma alça fácil de puxar para ajustes rápidos durante suas atividades.</p>
</div>
</div>
</div>
</div>
<div class=""elementor-element elementor-element-284d85b elementor-widget__width-auto elementor-widget elementor-widget-heading"" data-id=""284d85b"" data-element_type=""widget"" data-widget_type=""heading.default"">
<div class=""elementor-widget-container""><br></div>
</div>
</div>
</div>
</div>
</div>
<div class=""elementor-element elementor-element-284d85b elementor-widget__width-auto elementor-widget elementor-widget-heading"" data-id=""284d85b"" data-element_type=""widget"" data-widget_type=""heading.default"">
<div class=""elementor-widget-container""><br></div>
</div>
</div>
</div>
</div>
</div>",https://cdn.prod.website-files.com/67f999d0187eaee5fc47b5d4/67f999d0187eaee5fc47b696_18c5d60d-f7d9-44e5-82a6-174fb8b157d0.jpeg,false,90,$89.90,170,$169.90,minha-loja,pulseiras,Pulseira Loop Trail Azul Cinza,"A pulseira loop Trail fina e leve é feita de uma trama de nylon macia, oferecendo suavidade e mais elasticidade para ...",Pulseira,gid://shopify/Product/9687909531931,,,,,,,,,,,,,,,,,,,,,,,,,,,,,,,,,"A pulseira loop Trail fina e leve é feita de uma trama de nylon macia, oferecendo suavidade e mais elasticidade para um ajuste confortável. Ela se ajusta com perfeição por meio de uma alça fácil de puxar para ajustes rápidos durante suas atividades."
Pulseira Loop Trail Cinza Amarela,pulseira-loop-trail-cinza-amarela,67f999d0187eaee5fc47b5d6,67f999d0187eaee5fc47b5c1,67f999d0187eaee5fc47b67f,false,false,Mon Sep 23 2024 16:33:14 GMT+0000 (Coordinated Universal Time),Mon Feb 10 2025 16:56:02 GMT+0000 (Coordinated Universal Time),,"<div data-widget_type=""jet-single-excerpt.default"" data-element_type=""widget"" data-id=""3229eb6"" class=""elementor-element elementor-element-3229eb6 elementor-widget elementor-widget-jet-single-excerpt"">
<div class=""elementor-widget-container"">
<div class=""elementor-jet-single-excerpt jet-woo-builder"">
<div class=""woocommerce-product-details__short-description"">
<div class=""elementor-element elementor-element-3229eb6 elementor-widget elementor-widget-jet-single-excerpt"" data-id=""3229eb6"" data-element_type=""widget"" data-widget_type=""jet-single-excerpt.default"">
<div class=""elementor-widget-container"">
<div class=""elementor-jet-single-excerpt jet-woo-builder"">
<div class=""woocommerce-product-details__short-description"">
<div class=""elementor-element elementor-element-3229eb6 elementor-widget elementor-widget-jet-single-excerpt"" data-id=""3229eb6"" data-element_type=""widget"" data-widget_type=""jet-single-excerpt.default"">
<div class=""elementor-widget-container"">
<div class=""elementor-jet-single-excerpt jet-woo-builder"">
<div class=""woocommerce-product-details__short-description"">
<p>A pulseira loop Trail fina e leve é feita de uma trama de nylon macia, oferecendo suavidade e mais elasticidade para um ajuste confortável. Ela se ajusta com perfeição por meio de uma alça fácil de puxar para ajustes rápidos durante suas atividades.</p>
</div>
</div>
</div>
</div>
<div class=""elementor-element elementor-element-284d85b elementor-widget__width-auto elementor-widget elementor-widget-heading"" data-id=""284d85b"" data-element_type=""widget"" data-widget_type=""heading.default"">
<div class=""elementor-widget-container""><br></div>
</div>
</div>
</div>
</div>
</div>
<div class=""elementor-element elementor-element-284d85b elementor-widget__width-auto elementor-widget elementor-widget-heading"" data-id=""284d85b"" data-element_type=""widget"" data-widget_type=""heading.default"">
<div class=""elementor-widget-container""><br></div>
</div>
</div>
</div>
</div>
</div>",https://cdn.prod.website-files.com/67f999d0187eaee5fc47b5d4/67f999d0187eaee5fc47b695_0b73e0be-7efb-4732-bedd-00a7642cbdc7.jpeg,false,90,$89.90,170,$169.90,minha-loja,pulseiras,Pulseira Loop Trail Cinza Amarela,"A pulseira loop Trail fina e leve é feita de uma trama de nylon macia, oferecendo suavidade e mais elasticidade para ...",Pulseira,gid://shopify/Product/9687901700379,,,,,,,,,,,,,,,,,,,,,,,,,,,,,,,,,"A pulseira loop Trail fina e leve é feita de uma trama de nylon macia, oferecendo suavidade e mais elasticidade para um ajuste confortável. Ela se ajusta com perfeição por meio de uma alça fácil de puxar para ajustes rápidos durante suas atividades."
Pulseira Loop Trail Cinza Preta,pulseira-loop-trail-cinza-preta,67f999d0187eaee5fc47b5d6,67f999d0187eaee5fc47b5c1,67f999d0187eaee5fc47b680,false,false,Mon Sep 23 2024 16:33:16 GMT+0000 (Coordinated Universal Time),Mon Feb 10 2025 16:56:02 GMT+0000 (Coordinated Universal Time),,"<div data-widget_type=""jet-single-excerpt.default"" data-element_type=""widget"" data-id=""3229eb6"" class=""elementor-element elementor-element-3229eb6 elementor-widget elementor-widget-jet-single-excerpt"">
<div class=""elementor-widget-container"">
<div class=""elementor-jet-single-excerpt jet-woo-builder"">
<div class=""woocommerce-product-details__short-description"">
<div class=""elementor-element elementor-element-3229eb6 elementor-widget elementor-widget-jet-single-excerpt"" data-id=""3229eb6"" data-element_type=""widget"" data-widget_type=""jet-single-excerpt.default"">
<div class=""elementor-widget-container"">
<div class=""elementor-jet-single-excerpt jet-woo-builder"">
<div class=""woocommerce-product-details__short-description"">
<div class=""elementor-element elementor-element-3229eb6 elementor-widget elementor-widget-jet-single-excerpt"" data-id=""3229eb6"" data-element_type=""widget"" data-widget_type=""jet-single-excerpt.default"">
<div class=""elementor-widget-container"">
<div class=""elementor-jet-single-excerpt jet-woo-builder"">
<div class=""woocommerce-product-details__short-description"">
<p>A pulseira loop Trail fina e leve é feita de uma trama de nylon macia, oferecendo suavidade e mais elasticidade para um ajuste confortável. Ela se ajusta com perfeição por meio de uma alça fácil de puxar para ajustes rápidos durante suas atividades.</p>
</div>
</div>
</div>
</div>
<div class=""elementor-element elementor-element-284d85b elementor-widget__width-auto elementor-widget elementor-widget-heading"" data-id=""284d85b"" data-element_type=""widget"" data-widget_type=""heading.default"">
<div class=""elementor-widget-container""><br></div>
</div>
</div>
</div>
</div>
</div>
<div class=""elementor-element elementor-element-284d85b elementor-widget__width-auto elementor-widget elementor-widget-heading"" data-id=""284d85b"" data-element_type=""widget"" data-widget_type=""heading.default"">
<div class=""elementor-widget-container""><br></div>
</div>
</div>
</div>
</div>
</div>",https://cdn.prod.website-files.com/67f999d0187eaee5fc47b5d4/67f999d0187eaee5fc47b697_f7f6b881-65ae-413b-be91-4b10ed301eb9.jpeg,false,90,$89.90,170,$169.90,minha-loja,pulseiras,Pulseira Loop Trail Cinza Preta,"A pulseira loop Trail fina e leve é feita de uma trama de nylon macia, oferecendo suavidade e mais elasticidade para ...",Pulseira,gid://shopify/Product/9687907991835,,,,,,,,,,,,,,,,,,,,,,,,,,,,,,,,,
Pulseira Milanes Dourada,pulseira-milanes-dourada,67f999d0187eaee5fc47b5d6,67f999d0187eaee5fc47b5c1,67f999d0187eaee5fc47b67b,false,false,Mon Sep 23 2024 16:33:04 GMT+0000 (Coordinated Universal Time),Mon Feb 10 2025 16:56:02 GMT+0000 (Coordinated Universal Time),,"<div data-widget_type=""jet-single-excerpt.default"" data-element_type=""widget"" data-id=""3229eb6"" class=""elementor-element elementor-element-3229eb6 elementor-widget elementor-widget-jet-single-excerpt"">
<div class=""elementor-widget-container"">
<div class=""elementor-jet-single-excerpt jet-woo-builder"">
<div class=""woocommerce-product-details__short-description"">
<p>Uma interpretação moderna do design criado em Milão no final do século&nbsp;XIX. Feita em máquinas italianas especializadas, a trama de aço inoxidável flexível das pulseiras envolve o pulso com suavidade. Como é magnética, a pulseira em estilo&nbsp;milanês se ajusta com perfeição. E, usando o processo de deposição física de vapor (PVD), uma camada adicional dá uma aparência diferenciada ao aço inoxidável dourado.</p>
</div>
</div>
</div>
</div>",https://cdn.prod.website-files.com/67f999d0187eaee5fc47b5d4/67f999d0187eaee5fc47b651_c58172f5-3328-4693-91d1-35d1648f11c4.jpeg,false,90,$89.90,170,$169.90,minha-loja,pulseiras,Pulseira Milanes Dourada,Uma interpretação moderna do design criado em Milão no final do século XIX. Feita em máquinas italianas especializada...,Pulseira,gid://shopify/Product/9687849632027,,,,,,,,,,,,,,,,,,,,,,,,,,,,,,,,,"Uma interpretação moderna do design criado em Milão no final do século XIX. Feita em máquinas italianas especializadas, a trama de aço inoxidável flexível das pulseiras envolve o pulso com suavidade. Como é magnética, a pulseira em estilo milanês se ajusta com perfeição. E, usando o processo de deposição física de vapor (PVD), uma camada adicional dá uma aparência diferenciada ao aço inoxidável dourado."
Pulseira Milanes Grafite,pulseira-milanes-grafite,67f999d0187eaee5fc47b5d6,67f999d0187eaee5fc47b5c1,67f999d0187eaee5fc47b679,false,false,Mon Sep 23 2024 16:32:59 GMT+0000 (Coordinated Universal Time),Mon Feb 10 2025 16:56:02 GMT+0000 (Coordinated Universal Time),,"<div data-widget_type=""jet-single-excerpt.default"" data-element_type=""widget"" data-id=""3229eb6"" class=""elementor-element elementor-element-3229eb6 elementor-widget elementor-widget-jet-single-excerpt"">
<div class=""elementor-widget-container"">
<div class=""elementor-jet-single-excerpt jet-woo-builder"">
<div class=""woocommerce-product-details__short-description"">
<p>Uma interpretação moderna do design criado em Milão no final do século&nbsp;XIX. Feita em máquinas italianas especializadas, a trama de aço inoxidável flexível das pulseiras envolve o pulso com suavidade. Como é magnética, a pulseira em estilo&nbsp;milanês se ajusta com perfeição. E, usando o processo de deposição física de vapor (PVD), uma camada adicional dá uma aparência diferenciada ao aço inoxidável dourado.</p>
</div>
</div>
</div>
</div>",https://cdn.prod.website-files.com/67f999d0187eaee5fc47b5d4/67f999d0187eaee5fc47b690_13df228f-1218-4b8c-91f8-317b190804b4.jpeg,false,90,$89.90,170,$169.90,minha-loja,pulseiras,Pulseira Milanes Grafite,Uma interpretação moderna do design criado em Milão no final do século XIX. Feita em máquinas italianas especializada...,Pulseira,gid://shopify/Product/9687848517915,,,,,,,,,,,,,,,,,,,,,,,,,,,,,,,,,"Uma interpretação moderna do design criado em Milão no final do século XIX. Feita em máquinas italianas especializadas, a trama de aço inoxidável flexível das pulseiras envolve o pulso com suavidade. Como é magnética, a pulseira em estilo milanês se ajusta com perfeição. E, usando o processo de deposição física de vapor (PVD), uma camada adicional dá uma aparência diferenciada ao aço inoxidável dourado."
Pulseira Milanes Prateada,pulseira-milanes-prateada,67f999d0187eaee5fc47b5d6,67f999d0187eaee5fc47b5c1,67f999d0187eaee5fc47b67a,false,false,Mon Sep 23 2024 16:33:02 GMT+0000 (Coordinated Universal Time),Mon Feb 10 2025 16:56:02 GMT+0000 (Coordinated Universal Time),,"<div data-widget_type=""jet-single-excerpt.default"" data-element_type=""widget"" data-id=""3229eb6"" class=""elementor-element elementor-element-3229eb6 elementor-widget elementor-widget-jet-single-excerpt"">
<div class=""elementor-widget-container"">
<div class=""elementor-jet-single-excerpt jet-woo-builder"">
<div class=""woocommerce-product-details__short-description"">
<p>Uma interpretação moderna do design criado em Milão no final do século&nbsp;XIX. Feita em máquinas italianas especializadas, a trama de aço inoxidável flexível das pulseiras envolve o pulso com suavidade. Como é magnética, a pulseira em estilo&nbsp;milanês se ajusta com perfeição. E, usando o processo de deposição física de vapor (PVD), uma camada adicional dá uma aparência diferenciada ao aço inoxidável dourado.</p>
</div>
</div>
</div>
</div>",https://cdn.prod.website-files.com/67f999d0187eaee5fc47b5d4/67f999d0187eaee5fc47b691_927fcb9e-dfa5-468a-8678-3194966fbdfb.jpeg,false,170,$169.90,90,$89.90,minha-loja,pulseiras,Pulseira Milanes Prateada,Uma interpretação moderna do design criado em Milão no final do século XIX. Feita em máquinas italianas especializada...,Pulseira,gid://shopify/Product/9687849238811,,,,,,,,,,,,,,,,,,,,,,,,,,,,,,,,,"Uma interpretação moderna do design criado em Milão no final do século XIX. Feita em máquinas italianas especializadas, a trama de aço inoxidável flexível das pulseiras envolve o pulso com suavidade. Como é magnética, a pulseira em estilo milanês se ajusta com perfeição. E, usando o processo de deposição física de vapor (PVD), uma camada adicional dá uma aparência diferenciada ao aço inoxidável dourado."
Pulseira Oceano Amarela,pulseira-oceano-amarela,67f999d0187eaee5fc47b5d6,67f999d0187eaee5fc47b5c1,67f999d0187eaee5fc47b67c,false,false,Mon Sep 23 2024 16:33:07 GMT+0000 (Coordinated Universal Time),Mon Feb 10 2025 16:56:02 GMT+0000 (Coordinated Universal Time),,"<div data-widget_type=""jet-single-excerpt.default"" data-element_type=""widget"" data-id=""3229eb6"" class=""elementor-element elementor-element-3229eb6 elementor-widget elementor-widget-jet-single-excerpt"">
<div class=""elementor-widget-container"">
<div class=""elementor-jet-single-excerpt jet-woo-builder"">
<div class=""woocommerce-product-details__short-description"">
<div class=""elementor-element elementor-element-3229eb6 elementor-widget elementor-widget-jet-single-excerpt"" data-id=""3229eb6"" data-element_type=""widget"" data-widget_type=""jet-single-excerpt.default"">
<div class=""elementor-widget-container"">
<div class=""elementor-jet-single-excerpt jet-woo-builder"">
<div class=""woocommerce-product-details__short-description"">
<p>A pulseira Oceano é moldada em elastômero de alto desempenho com geometria tubular e pode ser esticada para um ajuste perfeito, mesmo sobre roupas de mergulho. O fecho de titânio resistente à corrosão e a fivela ajustável mantêm a pulseira firme no pulso durante esportes aquáticos em alta velocidade.</p>
</div>
</div>
</div>
</div>
<div class=""elementor-element elementor-element-284d85b elementor-widget__width-auto elementor-widget elementor-widget-heading"" data-id=""284d85b"" data-element_type=""widget"" data-widget_type=""heading.default"">
<div class=""elementor-widget-container""><br></div>
</div>
</div>
</div>
</div>
</div>",https://cdn.prod.website-files.com/67f999d0187eaee5fc47b5d4/67f999d0187eaee5fc47b692_920b0cb9-cd9b-44fc-9c39-495e41bcdaa2.jpeg,false,90,$89.90,170,$169.90,minha-loja,pulseiras,Pulseira Oceano Amarela,A pulseira Oceano é moldada em elastômero de alto desempenho com geometria tubular e pode ser esticada para um ajuste...,Pulseira,gid://shopify/Product/9687854350619,,,,,,,,,,,,,,,,,,,,,,,,,,,,,,,,,"A pulseira Oceano é moldada em elastômero de alto desempenho com geometria tubular e pode ser esticada para um ajuste perfeito, mesmo sobre roupas de mergulho. O fecho de titânio resistente à corrosão e a fivela ajustável mantêm a pulseira firme no pulso durante esportes aquáticos em alta velocidade."
Pulseira Oceano Branca,pulseira-oceano-branca,67f999d0187eaee5fc47b5d6,67f999d0187eaee5fc47b5c1,67f999d0187eaee5fc47b67d,false,false,Mon Sep 23 2024 16:33:09 GMT+0000 (Coordinated Universal Time),Mon Feb 10 2025 16:56:02 GMT+0000 (Coordinated Universal Time),,"<div data-widget_type=""jet-single-excerpt.default"" data-element_type=""widget"" data-id=""3229eb6"" class=""elementor-element elementor-element-3229eb6 elementor-widget elementor-widget-jet-single-excerpt"">
<div class=""elementor-widget-container"">
<div class=""elementor-jet-single-excerpt jet-woo-builder"">
<div class=""woocommerce-product-details__short-description"">
<div class=""elementor-element elementor-element-3229eb6 elementor-widget elementor-widget-jet-single-excerpt"" data-id=""3229eb6"" data-element_type=""widget"" data-widget_type=""jet-single-excerpt.default"">
<div class=""elementor-widget-container"">
<div class=""elementor-jet-single-excerpt jet-woo-builder"">
<div class=""woocommerce-product-details__short-description"">
<p>A pulseira Oceano é moldada em elastômero de alto desempenho com geometria tubular e pode ser esticada para um ajuste perfeito, mesmo sobre roupas de mergulho. O fecho de titânio resistente à corrosão e a fivela ajustável mantêm a pulseira firme no pulso durante esportes aquáticos em alta velocidade.</p>
</div>
</div>
</div>
</div>
<div class=""elementor-element elementor-element-284d85b elementor-widget__width-auto elementor-widget elementor-widget-heading"" data-id=""284d85b"" data-element_type=""widget"" data-widget_type=""heading.default"">
<div class=""elementor-widget-container""><br></div>
</div>
</div>
</div>
</div>
</div>",https://cdn.prod.website-files.com/67f999d0187eaee5fc47b5d4/67f999d0187eaee5fc47b694_d3d09e99-a5a0-47cb-90b7-9b2a6d5766b3.jpeg,false,90,$89.90,170,$169.90,minha-loja,pulseiras,Pulseira Oceano Branca,A pulseira Oceano é moldada em elastômero de alto desempenho com geometria tubular e pode ser esticada para um ajuste...,Pulseira,gid://shopify/Product/9687895802139,,,,,,,,,,,,,,,,,,,,,,,,,,,,,,,,,"A pulseira Oceano é moldada em elastômero de alto desempenho com geometria tubular e pode ser esticada para um ajuste perfeito, mesmo sobre roupas de mergulho. O fecho de titânio resistente à corrosão e a fivela ajustável mantêm a pulseira firme no pulso durante esportes aquáticos em alta velocidade."
Pulseira Oceano Meia-Noite,pulseira-oceano-branca-copia,67f999d0187eaee5fc47b5d6,67f999d0187eaee5fc47b5c1,67f999d0187eaee5fc47b67e,false,false,Mon Sep 23 2024 16:33:11 GMT+0000 (Coordinated Universal Time),Mon Feb 10 2025 16:56:02 GMT+0000 (Coordinated Universal Time),,"<div data-widget_type=""jet-single-excerpt.default"" data-element_type=""widget"" data-id=""3229eb6"" class=""elementor-element elementor-element-3229eb6 elementor-widget elementor-widget-jet-single-excerpt"">
<div class=""elementor-widget-container"">
<div class=""elementor-jet-single-excerpt jet-woo-builder"">
<div class=""woocommerce-product-details__short-description"">
<div class=""elementor-element elementor-element-3229eb6 elementor-widget elementor-widget-jet-single-excerpt"" data-id=""3229eb6"" data-element_type=""widget"" data-widget_type=""jet-single-excerpt.default"">
<div class=""elementor-widget-container"">
<div class=""elementor-jet-single-excerpt jet-woo-builder"">
<div class=""woocommerce-product-details__short-description"">
<p>A pulseira Oceano é moldada em elastômero de alto desempenho com geometria tubular e pode ser esticada para um ajuste perfeito, mesmo sobre roupas de mergulho. O fecho de titânio resistente à corrosão e a fivela ajustável mantêm a pulseira firme no pulso durante esportes aquáticos em alta velocidade.</p>
</div>
</div>
</div>
</div>
<div class=""elementor-element elementor-element-284d85b elementor-widget__width-auto elementor-widget elementor-widget-heading"" data-id=""284d85b"" data-element_type=""widget"" data-widget_type=""heading.default"">
<div class=""elementor-widget-container""><br></div>
</div>
</div>
</div>
</div>
</div>",https://cdn.prod.website-files.com/67f999d0187eaee5fc47b5d4/67f999d0187eaee5fc47b693_fee442e6-7fbe-46d1-84fc-de03433db4d5.jpeg,false,90,$89.90,170,$169.90,minha-loja,pulseiras,Pulseira Oceano Meia-Noite,A pulseira Oceano é moldada em elastômero de alto desempenho com geometria tubular e pode ser esticada para um ajuste...,Pulseira,gid://shopify/Product/9687897014555,,,,,,,,,,,,,,,,,,,,,,,,,,,,,,,,,"A pulseira Oceano é moldada em elastômero de alto desempenho com geometria tubular e pode ser esticada para um ajuste perfeito, mesmo sobre roupas de mergulho. O fecho de titânio resistente à corrosão e a fivela ajustável mantêm a pulseira firme no pulso durante esportes aquáticos em alta velocidade."
Pulseira Silicone Azul Marinho,pulseira-silicone-azul-marinho,67f999d0187eaee5fc47b5d6,67f999d0187eaee5fc47b5c1,67f999d0187eaee5fc47b689,false,false,Thu Sep 26 2024 13:16:14 GMT+0000 (Coordinated Universal Time),Mon Feb 10 2025 16:56:02 GMT+0000 (Coordinated Universal Time),,"<div class=""elementor-element elementor-element-3229eb6 elementor-widget elementor-widget-jet-single-excerpt"" data-id=""3229eb6"" data-element_type=""widget"" data-widget_type=""jet-single-excerpt.default"">
<div class=""elementor-widget-container"">
<div class=""elementor-jet-single-excerpt jet-woo-builder"">
<div class=""woocommerce-product-details__short-description"">
<div data-widget_type=""jet-single-excerpt.default"" data-element_type=""widget"" data-id=""3229eb6"" class=""elementor-element elementor-element-3229eb6 elementor-widget elementor-widget-jet-single-excerpt"">
<div class=""elementor-widget-container"">
<div class=""elementor-jet-single-excerpt jet-woo-builder"">
<div class=""woocommerce-product-details__short-description"">
<div data-widget_type=""jet-single-excerpt.default"" data-element_type=""widget"" data-id=""3229eb6"" class=""elementor-element elementor-element-3229eb6 elementor-widget elementor-widget-jet-single-excerpt"">
<div class=""elementor-widget-container"">
<div class=""elementor-jet-single-excerpt jet-woo-builder"">
<div class=""woocommerce-product-details__short-description"">
<div class=""rc-pdsection-panel Overview-panel row"">
<div class=""rc-pdsection-mainpanel column large-9 small-12"">
<div>
<div class=""para-list as-pdp-lastparalist"">
<p>Feita de fluorelastômero resistente, a pulseira esportiva é durável e surpreendentemente macia. O&nbsp;material flexível e compacto se encaixa com perfeição e suavidade no seu pulso. O fecho inovador na forma de pino garante um ajuste perfeito.</p>
</div>
</div>
</div>
</div>
<div class=""rc-pdsection-panel WhatsInTheBox-panel row"">
<div class=""rc-pdsection-sidepanel column large-3 small-12""><br></div>
</div>
</div>
</div>
</div>
</div>
<div data-widget_type=""heading.default"" data-element_type=""widget"" data-id=""284d85b"" class=""elementor-element elementor-element-284d85b elementor-widget__width-auto elementor-widget elementor-widget-heading"">
<div class=""elementor-widget-container""><br></div>
</div>
</div>
</div>
</div>
</div>
<div data-widget_type=""heading.default"" data-element_type=""widget"" data-id=""284d85b"" class=""elementor-element elementor-element-284d85b elementor-widget__width-auto elementor-widget elementor-widget-heading"">
<div class=""elementor-widget-container""><br></div>
</div>
</div>
</div>
</div>
</div>",https://cdn.prod.website-files.com/67f999d0187eaee5fc47b5d4/67f999d0187eaee5fc47b6be_MXLV3ref.jpeg,false,90,$89.90,170,$169.90,minha-loja,pulseiras,Pulseira Silicone Azul Marinho,"Feita de fluorelastômero resistente, a pulseira esportiva é durável e surpreendentemente macia. O material flexível e...",Pulseira,gid://shopify/Product/9692607971611,,,,,,,,,,,,,,,,,,,,,,,,,,,,,,,,,"Feita de fluorelastômero resistente, a pulseira esportiva é durável e surpreendentemente macia. O material flexível e compacto se encaixa com perfeição e suavidade no seu pulso. O fecho inovador na forma de pino garante um ajuste perfeito."
Pulseira Silicone Preta,pulseira-silicone,67f999d0187eaee5fc47b5d6,67f999d0187eaee5fc47b5c1,67f999d0187eaee5fc47b687,false,false,Thu Sep 26 2024 13:16:09 GMT+0000 (Coordinated Universal Time),Mon Feb 10 2025 16:56:02 GMT+0000 (Coordinated Universal Time),,"<div class=""elementor-element elementor-element-3229eb6 elementor-widget elementor-widget-jet-single-excerpt"" data-id=""3229eb6"" data-element_type=""widget"" data-widget_type=""jet-single-excerpt.default"">
<div class=""elementor-widget-container"">
<div class=""elementor-jet-single-excerpt jet-woo-builder"">
<div class=""woocommerce-product-details__short-description"">
<div data-widget_type=""jet-single-excerpt.default"" data-element_type=""widget"" data-id=""3229eb6"" class=""elementor-element elementor-element-3229eb6 elementor-widget elementor-widget-jet-single-excerpt"">
<div class=""elementor-widget-container"">
<div class=""elementor-jet-single-excerpt jet-woo-builder"">
<div class=""woocommerce-product-details__short-description"">
<div data-widget_type=""jet-single-excerpt.default"" data-element_type=""widget"" data-id=""3229eb6"" class=""elementor-element elementor-element-3229eb6 elementor-widget elementor-widget-jet-single-excerpt"">
<div class=""elementor-widget-container"">
<div class=""elementor-jet-single-excerpt jet-woo-builder"">
<div class=""woocommerce-product-details__short-description"">
<div class=""rc-pdsection-panel Overview-panel row"">
<div class=""rc-pdsection-mainpanel column large-9 small-12"">
<div>
<div class=""para-list as-pdp-lastparalist"">
<p>Feita de fluorelastômero resistente, a pulseira esportiva é durável e surpreendentemente macia. O&nbsp;material flexível e compacto se encaixa com perfeição e suavidade no seu pulso. O fecho inovador na forma de pino garante um ajuste perfeito.</p>
</div>
</div>
</div>
</div>
<div class=""rc-pdsection-panel WhatsInTheBox-panel row"">
<div class=""rc-pdsection-sidepanel column large-3 small-12""><br></div>
</div>
</div>
</div>
</div>
</div>
<div data-widget_type=""heading.default"" data-element_type=""widget"" data-id=""284d85b"" class=""elementor-element elementor-element-284d85b elementor-widget__width-auto elementor-widget elementor-widget-heading"">
<div class=""elementor-widget-container""><br></div>
</div>
</div>
</div>
</div>
</div>
<div data-widget_type=""heading.default"" data-element_type=""widget"" data-id=""284d85b"" class=""elementor-element elementor-element-284d85b elementor-widget__width-auto elementor-widget elementor-widget-heading"">
<div class=""elementor-widget-container""><br></div>
</div>
</div>
</div>
</div>
</div>",https://cdn.prod.website-files.com/67f999d0187eaee5fc47b5d4/67f999d0187eaee5fc47b6bc_MAX94ref.jpeg,false,90,$89.90,170,$169.90,minha-loja,pulseiras,Pulseira Silicone Preta,"Feita de fluorelastômero resistente, a pulseira esportiva é durável e surpreendentemente macia. O material flexível e...",Pulseira,gid://shopify/Product/9692606595355,,,,,,,,,,,,,,,,,,,,,,,,,,,,,,,,,"Feita de fluorelastômero resistente, a pulseira esportiva é durável e surpreendentemente macia. O material flexível e compacto se encaixa com perfeição e suavidade no seu pulso. O fecho inovador na forma de pino garante um ajuste perfeito."
Pulseira Silicone Rosa Clara,pulseira-silicone-preta-copia,67f999d0187eaee5fc47b5d6,67f999d0187eaee5fc47b5c1,67f999d0187eaee5fc47b688,false,false,Thu Sep 26 2024 13:16:12 GMT+0000 (Coordinated Universal Time),Mon Feb 10 2025 16:56:02 GMT+0000 (Coordinated Universal Time),,"<div class=""elementor-element elementor-element-3229eb6 elementor-widget elementor-widget-jet-single-excerpt"" data-id=""3229eb6"" data-element_type=""widget"" data-widget_type=""jet-single-excerpt.default"">
<div class=""elementor-widget-container"">
<div class=""elementor-jet-single-excerpt jet-woo-builder"">
<div class=""woocommerce-product-details__short-description"">
<div data-widget_type=""jet-single-excerpt.default"" data-element_type=""widget"" data-id=""3229eb6"" class=""elementor-element elementor-element-3229eb6 elementor-widget elementor-widget-jet-single-excerpt"">
<div class=""elementor-widget-container"">
<div class=""elementor-jet-single-excerpt jet-woo-builder"">
<div class=""woocommerce-product-details__short-description"">
<div data-widget_type=""jet-single-excerpt.default"" data-element_type=""widget"" data-id=""3229eb6"" class=""elementor-element elementor-element-3229eb6 elementor-widget elementor-widget-jet-single-excerpt"">
<div class=""elementor-widget-container"">
<div class=""elementor-jet-single-excerpt jet-woo-builder"">
<div class=""woocommerce-product-details__short-description"">
<div class=""rc-pdsection-panel Overview-panel row"">
<div class=""rc-pdsection-mainpanel column large-9 small-12"">
<div>
<div class=""para-list as-pdp-lastparalist"">
<p>Feita de fluorelastômero resistente, a pulseira esportiva é durável e surpreendentemente macia. O&nbsp;material flexível e compacto se encaixa com perfeição e suavidade no seu pulso. O fecho inovador na forma de pino garante um ajuste perfeito.</p>
</div>
</div>
</div>
</div>
<div class=""rc-pdsection-panel WhatsInTheBox-panel row"">
<div class=""rc-pdsection-sidepanel column large-3 small-12""><br></div>
</div>
</div>
</div>
</div>
</div>
<div data-widget_type=""heading.default"" data-element_type=""widget"" data-id=""284d85b"" class=""elementor-element elementor-element-284d85b elementor-widget__width-auto elementor-widget elementor-widget-heading"">
<div class=""elementor-widget-container""><br></div>
</div>
</div>
</div>
</div>
</div>
<div data-widget_type=""heading.default"" data-element_type=""widget"" data-id=""284d85b"" class=""elementor-element elementor-element-284d85b elementor-widget__width-auto elementor-widget elementor-widget-heading"">
<div class=""elementor-widget-container""><br></div>
</div>
</div>
</div>
</div>
</div>",https://cdn.prod.website-files.com/67f999d0187eaee5fc47b5d4/67f999d0187eaee5fc47b6bd_MAXC4ref.jpeg,false,90,$89.90,170,$169.90,minha-loja,pulseiras,Pulseira Silicone Rosa Clara,"Feita de fluorelastômero resistente, a pulseira esportiva é durável e surpreendentemente macia. O material flexível e...",Pulseira,gid://shopify/Product/9692607316251,,,,,,,,,,,,,,,,,,,,,,,,,,,,,,,,,"Feita de fluorelastômero resistente, a pulseira esportiva é durável e surpreendentemente macia. O material flexível e compacto se encaixa com perfeição e suavidade no seu pulso. O fecho inovador na forma de pino garante um ajuste perfeito."
